{
    "foreground_intensity_properties_per_channel": {
        "0": {
            "max": 3290.0,
            "mean": 478.13671875,
            "median": 406.0,
            "min": -1254.008056640625,
            "percentile_00_5": -121.0,
            "percentile_99_5": 1653.0,
            "std": 327.4941101074219
        }
    },
    "median_relative_size_after_cropping": 1.0,
    "shapes_after_crop": [
        [
            215,
            512,
            512
        ],
        [
            222,
            512,
            512
        ],
        [
            189,
            512,
            512
        ],
        [
            209,
            512,
            512
        ],
        [
            77,
            108,
            108
        ],
        [
            146,
            164,
            164
        ],
        [
            202,
            255,
            255
        ],
        [
            523,
            329,
            329
        ],
        [
            409,
            275,
            275
        ],
        [
            244,
            188,
            188
        ],
        [
            443,
            299,
            299
        ],
        [
            370,
            233,
            233
        ],
        [
            477,
            236,
            236
        ],
        [
            536,
            305,
            305
        ],
        [
            126,
            95,
            135
        ],
        [
            247,
            221,
            221
        ],
        [
            211,
            179,
            209
        ],
        [
            159,
            173,
            173
        ],
        [
            131,
            95,
            95
        ],
        [
            403,
            319,
            319
        ],
        [
            410,
            281,
            281
        ],
        [
            443,
            236,
            236
        ],
        [
            105,
            94,
            95
        ],
        [
            543,
            320,
            320
        ],
        [
            216,
            221,
            221
        ],
        [
            264,
            221,
            221
        ],
        [
            540,
            275,
            275
        ],
        [
            428,
            236,
            236
        ],
        [
            162,
            175,
            175
        ],
        [
            172,
            106,
            133
        ],
        [
            405,
            301,
            301
        ],
        [
            406,
            168,
            406
        ],
        [
            645,
            205,
            299
        ],
        [
            206,
            221,
            221
        ],
        [
            660,
            268,
            328
        ],
        [
            145,
            224,
            223
        ],
        [
            505,
            269,
            269
        ],
        [
            121,
            91,
            91
        ],
        [
            154,
            120,
            120
        ],
        [
            396,
            228,
            228
        ],
        [
            245,
            266,
            266
        ],
        [
            114,
            217,
            216
        ],
        [
            278,
            221,
            221
        ],
        [
            204,
            512,
            512
        ],
        [
            206,
            512,
            512
        ],
        [
            174,
            512,
            512
        ],
        [
            221,
            512,
            512
        ],
        [
            181,
            512,
            512
        ],
        [
            787,
            369,
            369
        ],
        [
            37,
            240,
            180
        ],
        [
            125,
            1869,
            512
        ]
    ],
    "spacings": [
        [
            2.0,
            0.9765625,
            0.9765625
        ],
        [
            2.0,
            1.26953125,
            1.26953125
        ],
        [
            2.0,
            0.9765625,
            0.9765625
        ],
        [
            2.0,
            0.9765625,
            0.9765625
        ],
        [
            1.5,
            1.5,
            1.5
        ],
        [
            1.5,
            1.5,
            1.5
        ],
        [
            1.5,
            1.5,
            1.5
        ],
        [
            1.5,
            1.5,
            1.5
        ],
        [
            1.5,
            1.5,
            1.5
        ],
        [
            1.5,
            1.5,
            1.5
        ],
        [
            1.5,
            1.5,
            1.5
        ],
        [
            1.5,
            1.5,
            1.5
        ],
        [
            1.5,
            1.5,
            1.5
        ],
        [
            1.5,
            1.5,
            1.5
        ],
        [
            1.5,
            1.5,
            1.5
        ],
        [
            1.5,
            1.5,
            1.5
        ],
        [
            1.5,
            1.5,
            1.5
        ],
        [
            1.5,
            1.5,
            1.5
        ],
        [
            1.5,
            1.5,
            1.5
        ],
        [
            1.5,
            1.5,
            1.5
        ],
        [
            1.5,
            1.5,
            1.5
        ],
        [
            1.5,
            1.5,
            1.5
        ],
        [
            1.5,
            1.5,
            1.5
        ],
        [
            1.5,
            1.5,
            1.5
        ],
        [
            1.5,
            1.5,
            1.5
        ],
        [
            1.5,
            1.5,
            1.5
        ],
        [
            1.5,
            1.5,
            1.5
        ],
        [
            1.5,
            1.5,
            1.5
        ],
        [
            1.5,
            1.5,
            1.5
        ],
        [
            1.5000001192092896,
            1.5,
            1.5000001192092896
        ],
        [
            1.5,
            1.5,
            1.5
        ],
        [
            1.5,
            1.5,
            1.5
        ],
        [
            1.5,
            1.5,
            1.5
        ],
        [
            1.5,
            1.5,
            1.5
        ],
        [
            1.5,
            1.5,
            1.5
        ],
        [
            1.5,
            1.5,
            1.5
        ],
        [
            1.5,
            1.5,
            1.5
        ],
        [
            1.5,
            1.5,
            1.5
        ],
        [
            1.5,
            1.5,
            1.5
        ],
        [
            1.5,
            1.5,
            1.5
        ],
        [
            1.5,
            1.5,
            1.5
        ],
        [
            1.5,
            1.5,
            1.5
        ],
        [
            1.5,
            1.5,
            1.5
        ],
        [
            1.25,
            0.2734380066394806,
            0.2734380066394806
        ],
        [
            1.25,
            0.3710939884185791,
            0.3710939884185791
        ],
        [
            1.25,
            0.3125,
            0.3125
        ],
        [
            1.25,
            0.2734380066394806,
            0.2734380066394806
        ],
        [
            1.25,
            0.2734380066394806,
            0.2734380066394806
        ],
        [
            1.0,
            1.0,
            1.0
        ],
        [
            1.999629020690918,
            1.0,
            1.0
        ],
        [
            3.0001566410064697,
            0.375066876411438,
            0.375
        ]
    ]
}